ID,Transaction,Date
Tx hash: 4dbe70c3e7c2d139350e1ab7da1c3f4e9b0f9da930c5c0c702e167cb44b33d57,"GDPJCT2XIVH7WSIT7FGV6XMKIGC5O6NEIONJW4AWLCLDUZRVPPNOL7NC invoked contract CDZL737THBVBCO443UXGXCFF4Z3JQNFAKRZXZNIPMF3FG4IDDTMDP6KP deploy(VjaYEqb2fxqr7gZ1TwO6+AAAAAAAAAAAAAAAAAAAAAA=bytes, BFZ3u1Y7rQqZ/nYrMIMLBuDo3oQvgNSkZWitBS2Br6e…YH68P7PyssW7zx5Zv7nn/M/UA0vZ0Anl9cNaEs1WZs=bytes) → CCHCZXSFBQMNY7DY7ME37R5U6JWDJK3PWWED3R7PVYP5LHKCCJB472MA",2026-08-30 12:39:27 UTC
Tx hash: 4e171eb00c4c01c0e378bcad200ffbbb213961fcf84cdf533039a93076f9099e,"GDPJCT2XIVH7WSIT7FGV6XMKIGC5O6NEIONJW4AWLCLDUZRVPPNOL7NC invoked contract CDZL737THBVBCO443UXGXCFF4Z3JQNFAKRZXZNIPMF3FG4IDDTMDP6KP deploy(7MJgjJzyi98KijfYprczmAAAAAAAAAAAAAAAAAAAAAA=bytes, BAjScV009GQK4UZwGwAv+uHP13Yr87AVwr+O7vqE74M…L9WboqWdcWHYx22xPoWDoHoZWVu+LA6khydaEc+xKo=bytes) → CAYAY7GYI3LCBAWA6NLQ3H4SZMW76MWDVUKNWZ6IQP6B3G5KBLGT6F2O",2026-08-30 12:38:32 UTC
Tx hash: 5c7efe288c409d16107ba973634162f937d0f73a4f088e4edcf0eaeabaeee30f,"GDPJCT2XIVH7WSIT7FGV6XMKIGC5O6NEIONJW4AWLCLDUZRVPPNOL7NC invoked contract CDZL737THBVBCO443UXGXCFF4Z3JQNFAKRZXZNIPMF3FG4IDDTMDP6KP deploy(MxOLtIZ1XhZxTffK5CyfoQAAAAAAAAAAAAAAAAAAAAA=bytes, BIsMAw1lsjRAEkinjPwD8SvNX2PciTMaFxTXJlI/YBE…/DjdgBLs+OG9e/sHuQFiWV1vihuj4nsqA5LT2p6ioA=bytes) → CB34ADJEHO2A3BQEF4OAFQ4AW7WNTMXWB4ZTBW4NU2OHALHXUUUF6PL6",2026-08-30 12:37:27 UTC
Tx hash: 07409960cd93f032e754131db6bab98527d10b2f98727460c99a6759c48c544e,"GDPJCT2XIVH7WSIT7FGV6XMKIGC5O6NEIONJW4AWLCLDUZRVPPNOL7NC invoked contract CDZL737THBVBCO443UXGXCFF4Z3JQNFAKRZXZNIPMF3FG4IDDTMDP6KP deploy(BSmFLsfjFHruGqGF4DLW5QAAAAAAAAAAAAAAAAAAAAA=bytes, BBg/TYmxhgzkVJBc5bDNngtMb3mE2BCfeArbgMNDwE9…tp3MiU2EEJPoURJXUlIdvsBO4jTrMklGJF4Ss2a80A=bytes) → CBUFOZSTFM2KLUYGUKYU6QY37BPIEOL2O24AVEGNNWNBISR6363WKDMI",2026-08-30 12:36:27 UTC
Tx hash: 6588c4d21a094c1f2d2098fb3446e6c4915036daccb84802b7c5f591b8ac1223,"GDPJCT2XIVH7WSIT7FGV6XMKIGC5O6NEIONJW4AWLCLDUZRVPPNOL7NC invoked contract CDZL737THBVBCO443UXGXCFF4Z3JQNFAKRZXZNIPMF3FG4IDDTMDP6KP deploy(YExRyBGON/h2BajIxNpyWQAAAAAAAAAAAAAAAAAAAAA=bytes, BAztbxhRIPO+BQLgNrh49fUVyoNVGTzKPRq6IFnhfX9…Xl0anu/DS7PPE1EVycmGUKFe811hct3XdlrTRNswag=bytes) → CBXHKDKWDLJGK3PGJIXYHIZTLPTUR5IOMATQEGLZPZ2QRNGT5E323JVL",2026-08-30 12:35:22 UTC
Tx hash: c23235cab6bbea3c1ab1ae31aeeabf3d3ee993f1aa780b715ee1c5b306325fa5,"GDPJCT2XIVH7WSIT7FGV6XMKIGC5O6NEIONJW4AWLCLDUZRVPPNOL7NC invoked contract CDZL737THBVBCO443UXGXCFF4Z3JQNFAKRZXZNIPMF3FG4IDDTMDP6KP deploy(UcKq3xldFQ+bihCcQTttSwAAAAAAAAAAAAAAAAAAAAA=bytes, BOvtD4AKU7KtrxNC4qlTg/gEBaczotaNJENtSb1Zf1B…JyKTFPW95TMpavkpryPvn5GOXuDZ9F0NaNd1z3iMHI=bytes) → CBNIMZENNYGUKOMNRCI4QB2V3PBLALQB72ZH2GA434QC32TANZLN6NPJ",2026-08-30 12:34:17 UTC
Tx hash: c8e39145bc336a133b633a6d9a91e326831469086eeb5d14833efb3c509f3560,"GDPJCT2XIVH7WSIT7FGV6XMKIGC5O6NEIONJW4AWLCLDUZRVPPNOL7NC invoked contract CDZL737THBVBCO443UXGXCFF4Z3JQNFAKRZXZNIPMF3FG4IDDTMDP6KP deploy(M1RJGowmQIvLWTbU7nifkQAAAAAAAAAAAAAAAAAAAAA=bytes, BBhwLKAI4ti7/rPJMiBSHLh6FBVZSa3dd/iEPszevHG…+PnHOsbPltPJHUCVSKVco3RkaxueO/oWCmc3vCvULY=bytes) → CDNO7OQ3W7N2IGQAWIKIR23RHNKJV3Y2YLEWLJ5FYTDWGHAE7POMKQKH",2026-08-30 12:33:02 UTC
Tx hash: 0550ff1bdf4fcb34259658cc568d9b0093fc6d01499f7488f0112a10eea7e103,"GDPJCT2XIVH7WSIT7FGV6XMKIGC5O6NEIONJW4AWLCLDUZRVPPNOL7NC invoked contract CDZL737THBVBCO443UXGXCFF4Z3JQNFAKRZXZNIPMF3FG4IDDTMDP6KP deploy(bpCQ96gb1aXPYUHlRWfu2gAAAAAAAAAAAAAAAAAAAAA=bytes, BOe0pBIfmucvm5krEK3OfCWZKI0pynZq51XzXQKhQgt…KCTInP0okKVXK3VJjQ0ebLYWTZBGzyZW8Q/AJ98WjU=bytes) → CCFWNOO7QFK7PST2QYW6ZMZZ54XGNY2XPKYDD57L4JYHDIYIIMPJ5KI4",2026-08-30 12:32:02 UTC
Tx hash: 016c948487157c66f349f4d467a5012457bb8188035181217b4cc044758a264b,"GDPJCT2XIVH7WSIT7FGV6XMKIGC5O6NEIONJW4AWLCLDUZRVPPNOL7NC invoked contract CDZL737THBVBCO443UXGXCFF4Z3JQNFAKRZXZNIPMF3FG4IDDTMDP6KP deploy(gLOqcJ/1Ry7Bqk9uB6CPkAAAAAAAAAAAAAAAAAAAAAA=bytes, BP2Fh7Jjtniz7TSe+CcS7lNLDJqdSanjO6GsZdbggHf…4C9adqHvi0F9fpxPvZYzSRbqInr85Fy+Rx6zCh9GNg=bytes) → CAF43UO76YQTLYSNUWW46GXKNSUYLBRT6G2ZMNJNHTZZQNBB6VDDJWVY",2026-08-30 12:30:57 UTC
Tx hash: efc74c120d4ba03a498d1b44bf8fe05c66cb0971de1f39ed89fc2302b2a0b605,"GDPJCT2XIVH7WSIT7FGV6XMKIGC5O6NEIONJW4AWLCLDUZRVPPNOL7NC invoked contract CDZL737THBVBCO443UXGXCFF4Z3JQNFAKRZXZNIPMF3FG4IDDTMDP6KP deploy(NLa0bjhpCehV3pKVinHfMQAAAAAAAAAAAAAAAAAAAAA=bytes, BGTaJmBkq+LAyeCIXbb6mzB4uWQD/yEoWOg4JLkCv5t…l+YF1nnVzxWfj331q3VoMBqnUX2EewVN7HFDVZZkow=bytes) → CDCOCZSA2MGKW2E5JYCHUATHY5WUQ6FKSDPXYTVJ2L46M3HRQW7LNA2N",2026-08-30 12:29:57 UTC
Tx hash: 114f12dbda6d6db04f3f754db6ed30d5948b1ef977b11ff154fafb4c6381f4a0,"GDPJCT2XIVH7WSIT7FGV6XMKIGC5O6NEIONJW4AWLCLDUZRVPPNOL7NC invoked contract CDZL737THBVBCO443UXGXCFF4Z3JQNFAKRZXZNIPMF3FG4IDDTMDP6KP deploy(JalFVEYzxgDzZBWlsc0KcgAAAAAAAAAAAAAAAAAAAAA=bytes, BNVSz2OKwgUZedDvpbPb8gnOBuw2w3N308StdAVaOUk…zCV48FWCfnqNBRkEgIvNB3lfzA0wQ4ZM8PQyGvHOgg=bytes) → CBPSJBXOFF56QDFOQISTNNAJZSEPNG6EWJQNRSWN7C7A3QUZB6S2M25F",2026-08-30 12:28:57 UTC
Tx hash: 5f910cb4a1acf9bf30b2e5bef06adfcd4fa3b6f276b29ccf5022134e1426cd7e,"GDPJCT2XIVH7WSIT7FGV6XMKIGC5O6NEIONJW4AWLCLDUZRVPPNOL7NC invoked contract CDZL737THBVBCO443UXGXCFF4Z3JQNFAKRZXZNIPMF3FG4IDDTMDP6KP deploy(ogPj7bhLodbtrd49m0uvjQAAAAAAAAAAAAAAAAAAAAA=bytes, BPtEiKDIOYVqtFU2OLTZNFU1aN5jRC0aBcaBuy5rUjE…N25vV7b2SeA6CmuDEWOWCpSgQ1UkztaMazkG/Guv6s=bytes) → CBRWBHGV5ORLGAMABIU6I2QWGU5BGTMZ76CRSOFRKRZKAUQQJGRJKGVG",2026-08-30 12:27:57 UTC
Tx hash: 9894befd82c82c4a05e8376b190ad4b7c4b7555e51330bb863006d9ecdd9cc63,"GDPJCT2XIVH7WSIT7FGV6XMKIGC5O6NEIONJW4AWLCLDUZRVPPNOL7NC invoked contract CDZL737THBVBCO443UXGXCFF4Z3JQNFAKRZXZNIPMF3FG4IDDTMDP6KP deploy(G3333E9gFdsXJNO4e13VkwAAAAAAAAAAAAAAAAAAAAA=bytes, BOJMgCVtK4xeyhwGeE701e8tLAimGT+LmXQa+otssP4…ObOqybVYK+23qSDTdapfiijkc7SXzwmyeVLy+G44Ho=bytes) → CCP5DZMCG377PNOLCCL5AFFZPGXEZL7OML5ODZRD6K5NGEFZJQ4JKABT",2026-08-30 12:26:57 UTC
Tx hash: 8e1d836a241e4612e033b48328c6bd2c66fe1778de1c8a324d25955c73de8871,"GDPJCT2XIVH7WSIT7FGV6XMKIGC5O6NEIONJW4AWLCLDUZRVPPNOL7NC invoked contract CDZL737THBVBCO443UXGXCFF4Z3JQNFAKRZXZNIPMF3FG4IDDTMDP6KP deploy(xlMR2HZhS7TKIdv/PEZHkgAAAAAAAAAAAAAAAAAAAAA=bytes, BJKKlJ+Eorjy7mGZt/ereJopmdxGCBt/4/aOmhJly0l…+ps3S2uzPRgOMuJYSubMv77l3vrj6gbMUKHK4IB4GM=bytes) → CA4GD5IKS5Y3FI2DXQ2QBLDI6KAPO6YNXXPC2HHAO3XVUJ2LYKDLHQWC",2026-08-30 12:25:52 UTC
Tx hash: b7db35c79537c5d7ce3ce37259ebeed75bbe98b60d5c63c1f18a75b59b830601,"GDPJCT2XIVH7WSIT7FGV6XMKIGC5O6NEIONJW4AWLCLDUZRVPPNOL7NC invoked contract CDZL737THBVBCO443UXGXCFF4Z3JQNFAKRZXZNIPMF3FG4IDDTMDP6KP deploy(9hjAsVGcqRYVHPro2F1jcQAAAAAAAAAAAAAAAAAAAAA=bytes, BFsYSzatLXqhdXsRc0ooOYvh8Ph6+YvmgjEqaz5zqVU…ZWFa1v4ESqz3bS4abnMKGRejyd/9BPrnPPQ4iVAdQI=bytes) → CB53OEIILNQCWPJZXVKZUP75ZIRXSCVTVFLIJKVFAHXSKXDL6FBRLM3U",2026-08-30 12:24:52 UTC
Tx hash: 5de66723ae591f6b03ddefaacf72df9efaf023dcaf0b63935c39812793578337,"GDPJCT2XIVH7WSIT7FGV6XMKIGC5O6NEIONJW4AWLCLDUZRVPPNOL7NC invoked contract CDZL737THBVBCO443UXGXCFF4Z3JQNFAKRZXZNIPMF3FG4IDDTMDP6KP deploy(DuUw2qJUAn9Y0wuWKxmybgAAAAAAAAAAAAAAAAAAAAA=bytes, BIW3znsDVyy9OPfAPu2TYTiilrbPgLEB6H2DncRKT7H…1f5YcScYc0w8l9gjaLCC8OeupCsPMA6IxX6ezlq4tE=bytes) → CC6PYTERTGHEXWFTR4Y6QQUHLBXRV6EUEPREPRXBHLD5OT7VIHV7UC2K",2026-08-30 12:23:47 UTC
Tx hash: 6823d0d6f595503f2cc448b2ec6d197bc2c9aba263aed6928bceb07c022fd886,"GDPJCT2XIVH7WSIT7FGV6XMKIGC5O6NEIONJW4AWLCLDUZRVPPNOL7NC invoked contract CDZL737THBVBCO443UXGXCFF4Z3JQNFAKRZXZNIPMF3FG4IDDTMDP6KP deploy(pNRWr+X9XmKtZNlZN7zCGAAAAAAAAAAAAAAAAAAAAAA=bytes, BH6obKnZe1oB1QNx4xDO5FUjq7Xo4HWqt7TmWguV1n9…RUPRgAKBBB89GsfpPL5HdxiJ1SGZTWs45JO8tlTV6g=bytes) → CCEWWRVAHCVC35Z34QNJFONU3PAL4YELZVB5WMES2QG2FDOTWDZI322L",2026-08-30 12:21:32 UTC
Tx hash: fd8ffe0a1d5e93269cc3a0f8e1cef0db17829397b327ac84ca0b24819f48b869,"GDPJCT2XIVH7WSIT7FGV6XMKIGC5O6NEIONJW4AWLCLDUZRVPPNOL7NC invoked contract CDZL737THBVBCO443UXGXCFF4Z3JQNFAKRZXZNIPMF3FG4IDDTMDP6KP deploy(JEApAgDhM0XOu3FtE6sSAAAAAAAAAAAAAAAAAAAAAAA=bytes, BFtX4c/d1+izqpqrcmhXl9PSx8igkG04KzQYzKSYtoB…zrNNXLYXDiDzd5O/F+fKgJY1kyGR55ze/vR0WimSlk=bytes) → CBXD6R7MZCSKBQFLUTJDLY2AKTFDLQY4JPOT6OQI3YAIHBT7TCASW3BO",2026-08-30 12:18:07 UTC
Tx hash: 7e627571bf8f95d08ac26099616eaa9c72c6318b0042c4913fd68926224f900e,"GDPJCT2XIVH7WSIT7FGV6XMKIGC5O6NEIONJW4AWLCLDUZRVPPNOL7NC invoked contract CDZL737THBVBCO443UXGXCFF4Z3JQNFAKRZXZNIPMF3FG4IDDTMDP6KP deploy(RPBvn6mIsmnMNJutFuhM+QAAAAAAAAAAAAAAAAAAAAA=bytes, BImlrtNJYhT6zXHMcbl3YObLZBKs4mejJfzyGCnwPNQ…ZfGxkg5IQQL3cpZffwCJwr6CiWRrP5eQndRiQ+ayPo=bytes) → CAETTYRX2HD4DDWKUQUHACTXUPL4ERO5OR4OH5CUGHINLACEEESN7IRR",2026-08-30 12:17:07 UTC
Tx hash: c4352eaf748e0ae5fd4e3da5452470d212cb7d4e294a8190d8e65aaeb6d736dc,"GDPJCT2XIVH7WSIT7FGV6XMKIGC5O6NEIONJW4AWLCLDUZRVPPNOL7NC invoked contract CDZL737THBVBCO443UXGXCFF4Z3JQNFAKRZXZNIPMF3FG4IDDTMDP6KP deploy(ahc0B3GyNvG9XzaWrPdfPAAAAAAAAAAAAAAAAAAAAAA=bytes, BCbbG/jb2CevyXQnWPU9YgnsONJz2IuIadiFfBZ24Qt…Aa6YIPWDo76aiaw3zw+cye4pAdCiP+pLDxmPGPKJfI=bytes) → CDAOOTHVZSNOF7RMTT6NWRVT2UXQ4HJHF7W2BNN36L67Y5MJAI4VLZIB",2026-08-30 12:15:57 UTC
Tx hash: 786fced9bc0e20e922716ea9148186d13562ea4d380e69f94928d76d7b60c169,"GDPJCT2XIVH7WSIT7FGV6XMKIGC5O6NEIONJW4AWLCLDUZRVPPNOL7NC invoked contract CDZL737THBVBCO443UXGXCFF4Z3JQNFAKRZXZNIPMF3FG4IDDTMDP6KP deploy(vsytmbq8M65rWsqfKGbrdwAAAAAAAAAAAAAAAAAAAAA=bytes, BICuPX4ITJgG5CbnbXHfoWIaPQ168ET5BuJNtqTuy+L…wMklKy5W01mxEs9V183rCYS4G3wc3UkOQjEg3nJhk4=bytes) → CD4X7ZO7ONDPXDGBSH4UQQXLPDOP3ZZUMOAKPNLSBWMP2SZVSYYU6XQA",2026-08-30 12:14:47 UTC
Tx hash: 63d49d48e4b4b95fdd75a09646916275ef4fdcbc8af4e68a847e9cb52a7d1cbf,"GDPJCT2XIVH7WSIT7FGV6XMKIGC5O6NEIONJW4AWLCLDUZRVPPNOL7NC invoked contract CDZL737THBVBCO443UXGXCFF4Z3JQNFAKRZXZNIPMF3FG4IDDTMDP6KP deploy(PNm8tkOSFLJzDCBk7+GFBgAAAAAAAAAAAAAAAAAAAAA=bytes, BHDXQvX2UaBE9knqCwrjcWMdEvktzIU1SqK33aU5jYI…79QQL8d8VilIJYcqT2XF64bGGhhFlUOsV6ghSZY0tQ=bytes) → CBJYK2M2VPJ3YY27SSST3ILXLW2GE2GI657YY7PHMVVNUL5IRSAIJGEG",2026-08-30 12:13:22 UTC
Tx hash: fb046896d98f0d677d9d1bac9dd162dfeb6f9352704e722db8510ce829514260,"GDPJCT2XIVH7WSIT7FGV6XMKIGC5O6NEIONJW4AWLCLDUZRVPPNOL7NC invoked contract CDZL737THBVBCO443UXGXCFF4Z3JQNFAKRZXZNIPMF3FG4IDDTMDP6KP deploy(lEta41OREzbRz/xqnF5i4QAAAAAAAAAAAAAAAAAAAAA=bytes, BI9Lw7LLbMXgO3enXRD1kuej1CtLyK1Xw3dSvl8wY8W…CJGSUxGWFCxQ00iTmb6IunWJ9dOpW44Zw3Bi2dj0LE=bytes) → CDQ5URTSO7QVZB7VOBPROODA746ENXF274CR7NBO6TRZCEZS3CWGCJW5",2026-08-30 12:12:07 UTC
Tx hash: ab978836aeb3f15a5a07060277c4c7622e5e1ae25e2a01ba3b8f376dcae27ec5,"GDPJCT2XIVH7WSIT7FGV6XMKIGC5O6NEIONJW4AWLCLDUZRVPPNOL7NC invoked contract CDZL737THBVBCO443UXGXCFF4Z3JQNFAKRZXZNIPMF3FG4IDDTMDP6KP deploy(e3/O+EfPTHZbb22eXtHnwAAAAAAAAAAAAAAAAAAAAAA=bytes, BMWgnJs02Dii98HwP+48xf5kx0EtATIfOIW1uATu1QV…pu2NMeLpHEZ7tFv7jbO74RfWMJ6o4HinDdzB2vtZJ8=bytes) → CASLKZGUMBBAE45DSOCIP7INBVEKJ5MBDTVXCSRA4XXYC3FMJZ3B6ZXV",2026-08-30 11:42:02 UTC
Tx hash: 24fbaf53a63c3844f9e321cacf49494ab4dba7179d518c01b8fae767295455dd,"GDPJCT2XIVH7WSIT7FGV6XMKIGC5O6NEIONJW4AWLCLDUZRVPPNOL7NC invoked contract CDZL737THBVBCO443UXGXCFF4Z3JQNFAKRZXZNIPMF3FG4IDDTMDP6KP deploy(Crw3vGHkl5Ggoal+ntrbRAAAAAAAAAAAAAAAAAAAAAA=bytes, BE+cETMEoFjv6Hi/OY42GysgmjbhLr6NHNCsj99l790…EsL6r9uI+WhAhxd4TkLtZr3dSnhXsJOl5JmwS6BUac=bytes) → CCFS632B44HL7FGLTX4VOBRIMR4OEAL424QJ27O57TLNZUQQ53CU5ECC",2026-08-30 11:38:17 UTC
Tx hash: cc4ac1ccc53a8978439767319114379e4f8ba02102015518c34f8db2db1b4214,"GDPJCT2XIVH7WSIT7FGV6XMKIGC5O6NEIONJW4AWLCLDUZRVPPNOL7NC invoked contract CDZL737THBVBCO443UXGXCFF4Z3JQNFAKRZXZNIPMF3FG4IDDTMDP6KP deploy(LG+OCqYJsEYxuedlPgCYJQAAAAAAAAAAAAAAAAAAAAA=bytes, BDI0VgODn0kXFoHr2s/hliUR6tksu+qBKIYv08w+Lit…hibvnFCYW6ttqY+sIL8bJS3GzmrEieA8dQ2WTl5gfc=bytes) → CCX3RMGOLVJFL6Y572Z3ONFRIWCCYNDBXKVDPJJH4A4SA5IU3Y3KPMN7",2026-08-30 11:37:17 UTC
Tx hash: 72799603db27b5c0e283b4cd66bc0c6b1a1b5d74702d332c15436db48607d71d,"GDPJCT2XIVH7WSIT7FGV6XMKIGC5O6NEIONJW4AWLCLDUZRVPPNOL7NC invoked contract CDZL737THBVBCO443UXGXCFF4Z3JQNFAKRZXZNIPMF3FG4IDDTMDP6KP deploy(Bxrm2ImwRMtsq6b0owHCsAAAAAAAAAAAAAAAAAAAAAA=bytes, BOhvN5yAVcguf0ICP7OcZRNsJNY79ayL5SFFlra0hLa…W1aGnBqdp3o4wSSgAo6gM05mbt4d37XsRPixDHBJp0=bytes) → CB3J3WR2X7JN2OMIQEJI25MXHIQ2BVZAZ552MIYRWJQGRSIMCFVF6I32",2026-08-30 11:36:27 UTC
Tx hash: af109cb77f0e006ef324b802eaf129828cca4df093309db1cf4f488f8064cb1d,"GDPJCT2XIVH7WSIT7FGV6XMKIGC5O6NEIONJW4AWLCLDUZRVPPNOL7NC invoked contract CDZL737THBVBCO443UXGXCFF4Z3JQNFAKRZXZNIPMF3FG4IDDTMDP6KP deploy(YdbwbCtrU85Ca+eFP+uAdwAAAAAAAAAAAAAAAAAAAAA=bytes, BOoeGMdEJahKMjb2UHIFspwU8f5A7+c8Vu+XjbU0V6q…60op4MprWk0vvPaD/t8fDHhZ11bdunGR9bFlM52EBI=bytes) → CBFLMDLRT5EHWSFBJ2HXTW5LSCFOX3MP2MCQ4XEE2UOZMVAXIHDFSG2E",2026-08-30 11:35:27 UTC
Tx hash: 948528dbd7333bb51d23922a070228bd8beb2ad3c32e77f57577c3eebcad69ee,"GDPJCT2XIVH7WSIT7FGV6XMKIGC5O6NEIONJW4AWLCLDUZRVPPNOL7NC invoked contract CDZL737THBVBCO443UXGXCFF4Z3JQNFAKRZXZNIPMF3FG4IDDTMDP6KP deploy(8ClMcX2kfzHzp4Nu5YjokQAAAAAAAAAAAAAAAAAAAAA=bytes, BFD7VPpV0a0G2HhSTs1e4n/kzWSJJhYZwbt3/bsEujU…h0SBL1qPp461MU4peHURpN71TiMVoHsIyvYNSzRcAc=bytes) → CCPX5UXRERKICOEVPV2X3KVFTDDACRDSLDBT45UY7R576WINJB2PTAQP",2026-08-30 11:33:27 UTC
Tx hash: e1b0c7f962e660db00a777dc3e939691750832389517d09f1bb405fc713b318a,"GDPJCT2XIVH7WSIT7FGV6XMKIGC5O6NEIONJW4AWLCLDUZRVPPNOL7NC invoked contract CDZL737THBVBCO443UXGXCFF4Z3JQNFAKRZXZNIPMF3FG4IDDTMDP6KP deploy(lq7zvetxHeJEU2BXOwjyZAAAAAAAAAAAAAAAAAAAAAA=bytes, BEat0cnE9/1djUy4y9c1ujMsEggtbsbV0TeQSt/wp/l…DvkyoE4XGGlOSXgHE9nIuOiyYXzN7R02/WVNkoRcc4=bytes) → CA52QKOLMTKWU7FPLDWMY3SE53WN4G3JMUPIYXO6J5WNNI5HH4JCRGV7",2026-08-30 11:31:47 UTC
Tx hash: d0053fc75ca9e71d0e9129c12c79d5166d71ebefa4e87c83d18b1e1be6d861d1,"GDPJCT2XIVH7WSIT7FGV6XMKIGC5O6NEIONJW4AWLCLDUZRVPPNOL7NC invoked contract CDZL737THBVBCO443UXGXCFF4Z3JQNFAKRZXZNIPMF3FG4IDDTMDP6KP deploy(vHeUBPd3GVXVlhsr1jOvsAAAAAAAAAAAAAAAAAAAAAA=bytes, BDAcQmzOQdLhlL3JAaD2PY2lvbDzSogH5H9BTrUcYeb…VVax9CnJCdIyHHDLxrI3aCTz0VmfYBIukIU3a0C0RQ=bytes) → CAYULGW4LEXNJBPDBXTK5JBNI7XN7MIXU22RCXVXCSVV3HZTDIMKWGP7",2026-08-30 11:30:52 UTC
Tx hash: 0d4fb93faa29fd83fe5ab5903f89a894ba268fc6a27f2702f8626ce1181960e0,"GDPJCT2XIVH7WSIT7FGV6XMKIGC5O6NEIONJW4AWLCLDUZRVPPNOL7NC invoked contract CDZL737THBVBCO443UXGXCFF4Z3JQNFAKRZXZNIPMF3FG4IDDTMDP6KP deploy(yhUxx+Y32j3JimWA/CDOYAAAAAAAAAAAAAAAAAAAAAA=bytes, BG23UOFg1zz94S0q06eLtjcGUbjMLwZnpYCEqIXtMMV…yVzhtl/XS6vkTd8NnwdbvE1lNwFpOEgRTqvNI5jiII=bytes) → CBIHIV75JMDQIWETV3RBUUD2EHBOGG22ZJC2E2PP7G2VWWTGT7EYIKAD",2026-08-30 11:30:02 UTC
Tx hash: 1821af189c50f47eeff449eb4002d3051218d80762fc3ad82c5e30fb35036125,"GDPJCT2XIVH7WSIT7FGV6XMKIGC5O6NEIONJW4AWLCLDUZRVPPNOL7NC invoked contract CDZL737THBVBCO443UXGXCFF4Z3JQNFAKRZXZNIPMF3FG4IDDTMDP6KP deploy(aXUKXH7OqM3yl/dm9wR1SQAAAAAAAAAAAAAAAAAAAAA=bytes, BHwl4RWpceBf6RS+nI2d5rHqLB04qVQtPCEgS8zu2GF…g5BWVBtjHyWeAX05W9r8cbSV2eMJdgMPEOY4l1biXc=bytes) → CBEENSMGDM4JZPCUHJQMTEFV3UKJ75WSGK7OTQCLQ2B7GI2ETBE7KGNC",2026-08-30 11:29:02 UTC
Tx hash: 29620ebb8fb0e415fe8d7cbf85acd3570a2ef3c0ba22fb3d6aaf070965faad2d,"GDPJCT2XIVH7WSIT7FGV6XMKIGC5O6NEIONJW4AWLCLDUZRVPPNOL7NC invoked contract CDZL737THBVBCO443UXGXCFF4Z3JQNFAKRZXZNIPMF3FG4IDDTMDP6KP deploy(JLnf7A3PSjmX0MLL9mApGgAAAAAAAAAAAAAAAAAAAAA=bytes, BBa/veqvjqz0/9rOJMaz2BHjMF9+4IkFQBJGW/Ugqc5…DTV6wE6MaLFv7eP0BoRKvqz+hL6yBCwE1vBGA++Ruc=bytes) → CCTYIYYBV2CNGUKOYIPFWEGULCFGUD2QWJAW46PITJRXMWNRHWM462LI",2026-08-30 11:27:57 UTC
Tx hash: ff1ed4d6976062543fd0e68cc5b4a5e5c416435d3589690a4ce78462157c5518,"GDPJCT2XIVH7WSIT7FGV6XMKIGC5O6NEIONJW4AWLCLDUZRVPPNOL7NC invoked contract CDZL737THBVBCO443UXGXCFF4Z3JQNFAKRZXZNIPMF3FG4IDDTMDP6KP deploy(shEvZpl71qIt5JZJIy894QAAAAAAAAAAAAAAAAAAAAA=bytes, BFbUZ9MapKZ6FmAOAy/d59HvRy8f9+TmlIR4qgX3yhw…1i2j0fJto19tnz/i4nKzmz2wsrEiHXhrDdOc9ZWk1I=bytes) → CCHVO46ATLALBZZXFG7OSTJWS6F5EGLP7XA5Y3JVI3HPVKSFMSJ5VW7A",2026-08-30 11:26:47 UTC
Tx hash: 0e25dd394dbcb3e27961327894dcd5456a7ace07649129eb182e772819e5cbec,"GDPJCT2XIVH7WSIT7FGV6XMKIGC5O6NEIONJW4AWLCLDUZRVPPNOL7NC invoked contract CDZL737THBVBCO443UXGXCFF4Z3JQNFAKRZXZNIPMF3FG4IDDTMDP6KP deploy(MDolPrAB2Z98vYzZw2E85AAAAAAAAAAAAAAAAAAAAAA=bytes, BC2Ct92tPIARo3ioztbsfEW5HgbQ843VtmKu6mkPyev…5F9OF2eda/NYur5086YbS+fNOWh0EWxDbObfdEjPho=bytes) → CAVDVNN7UEKYOT6AGLVSW7CCUBZDAAUEZQVNZNSZTAITISKDWIHEKJIX",2026-08-30 11:25:57 UTC
Tx hash: aa72604247a257df14f1688693ea82407d4dc03c441853019e4e200c73ad1ef5,"GDPJCT2XIVH7WSIT7FGV6XMKIGC5O6NEIONJW4AWLCLDUZRVPPNOL7NC invoked contract CDZL737THBVBCO443UXGXCFF4Z3JQNFAKRZXZNIPMF3FG4IDDTMDP6KP deploy(IgkpljEEE62oCgzMTxGvgwAAAAAAAAAAAAAAAAAAAAA=bytes, BNSA6XlAIkGrE1CsbQl9N92DpuhH0RRstZCI1rv5Nd6…GFzatl4ssdFfhnR+z0Hx7ZPsCvUr3slqcmUaMfN0dc=bytes) → CD2RLZURVPOV6HM3TCAYOJDQZNI66W75FSPHBFE6K4NO42M3IB7V4O7X",2026-08-30 11:25:02 UTC
Tx hash: fffd32f4a7233ce22aea2d6ab3454eb928e10b410e90926206dd7c37390ebbcc,"GDPJCT2XIVH7WSIT7FGV6XMKIGC5O6NEIONJW4AWLCLDUZRVPPNOL7NC invoked contract CDZL737THBVBCO443UXGXCFF4Z3JQNFAKRZXZNIPMF3FG4IDDTMDP6KP deploy(OdlIzaT4BFvcBm+yNpSoCgAAAAAAAAAAAAAAAAAAAAA=bytes, BM2mVGFir8HZpB0PTWWgfLQbD0V0Mlz2Chb/WcOW/YN…KVAcUUJFoaXPcIhxqSPf4CCcEHoEnisJMajMPW2Xns=bytes) → CDRI5FKNC2YRM2CXYA352F44GDOIUCCGCXZC6EE4ULSRGSJYFQOANKBB",2026-08-30 11:24:17 UTC
Tx hash: 7757d664ec37452a730780d0d14efa28ca67765b22e299f2e9cbe29616e6854f,"GDPJCT2XIVH7WSIT7FGV6XMKIGC5O6NEIONJW4AWLCLDUZRVPPNOL7NC invoked contract CDZL737THBVBCO443UXGXCFF4Z3JQNFAKRZXZNIPMF3FG4IDDTMDP6KP deploy(gKF0iQR5KlFIyXeWazSRmgAAAAAAAAAAAAAAAAAAAAA=bytes, BGbKPz1uzX8dkIFc3Kl1gWOhXXBNY2H0wJaxba2/dGf…WLn8fGJevX7lBSq3TuryNcShbFJIzyZZal4gJfmeDY=bytes) → CBJ27OMCZD7UQAOQWW4FFZGCCZT2LMRTFTXFWYXH2PGO6JBVJ23PYDQT",2026-08-30 11:23:37 UTC
Tx hash: 52dcd1e648a1a14e3be43041e71acbd9f652e75bf06df0ea9b98e3ab64d30360,"GDPJCT2XIVH7WSIT7FGV6XMKIGC5O6NEIONJW4AWLCLDUZRVPPNOL7NC invoked contract CDZL737THBVBCO443UXGXCFF4Z3JQNFAKRZXZNIPMF3FG4IDDTMDP6KP deploy(ObcwxDPrNKBseV0iPS7hxAAAAAAAAAAAAAAAAAAAAAA=bytes, BKFRvF+1pftEnhGI3dKHmTwjps7QWixTF0sj30QlSOa…2Z72tJMuEQ9gdRsf/Muiczao+/tdDfbW8G0r7P0nzg=bytes) → CDYC7YN2U65PMHRT33WPFF6G5HVGVNWDNV3CRIEFMM2UGXDXMLRKDSI7",2026-08-30 11:22:47 UTC
Tx hash: 036959ee66defc51cdbacc8978349e3a4ab6276ea33df496d50238fafc1c2969,"GDPJCT2XIVH7WSIT7FGV6XMKIGC5O6NEIONJW4AWLCLDUZRVPPNOL7NC invoked contract CDZL737THBVBCO443UXGXCFF4Z3JQNFAKRZXZNIPMF3FG4IDDTMDP6KP deploy(v31wPNItuwIC826dxus37AAAAAAAAAAAAAAAAAAAAAA=bytes, BIZGNKmMgn3Wz5QlEjcAu1BYzL96jCUv2iJtFgVKTGs…R1y8TZI/TPVXQskQ0NCpxch9FNNHfNGAm6FbMwBua4=bytes) → CCAFUQFCRSYMTWW4AZLBBFHUYSE55ACXNZB75DGB4GYH5SCDVYRCK52S",2026-08-30 11:21:52 UTC
Tx hash: e810dd15756aba45663db45ecdcd133a859adc4ef0d468d0d60247d2907ea01b,"GDPJCT2XIVH7WSIT7FGV6XMKIGC5O6NEIONJW4AWLCLDUZRVPPNOL7NC invoked contract CDZL737THBVBCO443UXGXCFF4Z3JQNFAKRZXZNIPMF3FG4IDDTMDP6KP deploy(xV7/OYrvLQOQd9koYK2b9AAAAAAAAAAAAAAAAAAAAAA=bytes, BH3b7fQv8tnWOPAIq/gxAT8zBCVL2Q83yLZA/JQyqJk…G7XjSOSYtltLsV1ergi9MCZq3nL0WjGOyVLtZh0LlM=bytes) → CD2G2NTS5OXET6J2NZS4HM4BCENJN43TB54X43UICGLKIUDEBULY3F4R",2026-08-30 11:20:52 UTC
Tx hash: 9409188edd5b7f99b70144ac8c6094295e402a1e321bba8734a4cc6a3582b966,"GDPJCT2XIVH7WSIT7FGV6XMKIGC5O6NEIONJW4AWLCLDUZRVPPNOL7NC invoked contract CDZL737THBVBCO443UXGXCFF4Z3JQNFAKRZXZNIPMF3FG4IDDTMDP6KP deploy(uJAnb21qOJaEsS/LRZoFegAAAAAAAAAAAAAAAAAAAAA=bytes, BLDCYYKXDH62X09+VYiOhsys4iJ61m9XgL1RkY/PyzH…fi54ZNTl6dMLY+wTGT14kcgvfVn2PjEjOKKDL1P66M=bytes) → CDUEAI7UYGYGS2QAJTWPUU4SX46NXJQQTM42QJSPEZOOVURSZDOD4I6M",2026-08-30 11:19:27 UTC
Tx hash: bd3b86661157f568b3fb5587fd94bdb1667a04dad944f9d1d2808005e3615d7d,"GDPJCT2XIVH7WSIT7FGV6XMKIGC5O6NEIONJW4AWLCLDUZRVPPNOL7NC invoked contract CDZL737THBVBCO443UXGXCFF4Z3JQNFAKRZXZNIPMF3FG4IDDTMDP6KP deploy(vYvqSNSR8GZFZX9h9vTouQAAAAAAAAAAAAAAAAAAAAA=bytes, BOnd8d4UskRIzkHJP7OtO1BfX+09EDqDl/Ww0ehMiWj…r8TP7aNTnIpWL/1Z6EBwlujXG1IM+01derNDAoWDMg=bytes) → CCEYPQGT72EIVQUEERUYMBFWJVBLQRO7FB6EHTBIVAZYAID7ABAQPDMW",2026-08-30 11:01:42 UTC
Tx hash: c745affc63e6d01b4f4d1f306a4e91faa350492b4a1a208fc0ffa95a7cb32f84,"GDPJCT2XIVH7WSIT7FGV6XMKIGC5O6NEIONJW4AWLCLDUZRVPPNOL7NC invoked contract CDZL737THBVBCO443UXGXCFF4Z3JQNFAKRZXZNIPMF3FG4IDDTMDP6KP deploy(gGAc5zbpIyFfEBsTbXeVtwAAAAAAAAAAAAAAAAAAAAA=bytes, BAap58ndekjk3X9CLPnAnVhdmj4+U8qBgiDcnZJEkIP…ku0hRJTooHnfgV4RUWxA1pC5mPJl07vv39NO208+lY=bytes) → CDH36CG4FCEUPHYO5276R5EKYQ6OS4RR74JEVVSBEG7PA5KTB3R4F2GU",2026-08-30 11:00:22 UTC
Tx hash: 9827b71756bf184a1fc86664acfd07259e244577ad8f127b161cf7e9d4b223e1,"GDPJCT2XIVH7WSIT7FGV6XMKIGC5O6NEIONJW4AWLCLDUZRVPPNOL7NC invoked contract CDZL737THBVBCO443UXGXCFF4Z3JQNFAKRZXZNIPMF3FG4IDDTMDP6KP deploy(Y3nDgCRxPEEuneltuA7hxAAAAAAAAAAAAAAAAAAAAAA=bytes, BDFONqVlaHs6pmhVeZXeym5SfLzBkAIGwVInVm6P6uf…e/B+b00IolBs8ybSZA8SYQumFzTORYsxwJWpz3D80o=bytes) → CCFCPPIU2FHDYIM3GERINA365NJYCZPIQ67JNWPEY62TKHCT6VZYTURH",2026-08-30 10:59:52 UTC
Tx hash: ffe46b1f9de75654e68cb3fe711682dc0dbd993d73a6e2a248abbd3dda4418cd,"GDPJCT2XIVH7WSIT7FGV6XMKIGC5O6NEIONJW4AWLCLDUZRVPPNOL7NC invoked contract CDZL737THBVBCO443UXGXCFF4Z3JQNFAKRZXZNIPMF3FG4IDDTMDP6KP deploy(BJeJkhIFAuzF+TmPUqXT8wAAAAAAAAAAAAAAAAAAAAA=bytes, BBQkdx17NQEWzkJWjjioyU7m97hdb+Ylat4zpOFeBWE…wgCNP3OOnC1cvq+ZyeqHGz6kE9caleVMhwmQVUD6FY=bytes) → CA75HHRHJ2EQBSCBDDNYOARR2ZXMNQLVPHBSJERCFWYLW23LNQ4KWZWJ",2026-08-30 10:58:47 UTC
Tx hash: 649c8bfae128d168b74486f1ec42d70d3ccd5ac92046ded9b50f595b2aa1c72c,"GDPJCT2XIVH7WSIT7FGV6XMKIGC5O6NEIONJW4AWLCLDUZRVPPNOL7NC invoked contract CDZL737THBVBCO443UXGXCFF4Z3JQNFAKRZXZNIPMF3FG4IDDTMDP6KP deploy(alaupZET8NEpDcdQwYdBrgAAAAAAAAAAAAAAAAAAAAA=bytes, BFIRQiD5URqYBaGjcFAkDObbL7eIhfkaPrZTadsAFM6…rXn+u9FDkbgqvYfMoiy73dnug/1y7Cy2ikjp1GsbmA=bytes) → CD54JUYWYO44WOPAT5SXZLTF45CRGXZI75VW67ENJEPYS3Q4PPYAO37Z",2026-08-30 10:32:02 UTC
Tx hash: 02dfcaa436470a865532d595362d5af42266f5762184334c7007d89eca212f40,"GDPJCT2XIVH7WSIT7FGV6XMKIGC5O6NEIONJW4AWLCLDUZRVPPNOL7NC invoked contract CDZL737THBVBCO443UXGXCFF4Z3JQNFAKRZXZNIPMF3FG4IDDTMDP6KP deploy(rKYaJkaxDD5cyKAF+KJplAAAAAAAAAAAAAAAAAAAAAA=bytes, BBZJFp9ROLNKepVq82HYPwKenPQ5JV3ji7sK3SVM7xw…rCFejdmfEZgb3sftEL/prSVdaltUQhKlxRt5wd614c=bytes) → CBAD374SBFJ7O6BIVS3FA46Q3E2JRACN5IWJ4YYVG6U3M3N4JJ35UED2",2026-08-30 10:30:07 UTC
Tx hash: aeba4a95602ebef8ce51ca66bd5c9f55a8533432d0f78cc3f42c49752bd4c5d0,"GDPJCT2XIVH7WSIT7FGV6XMKIGC5O6NEIONJW4AWLCLDUZRVPPNOL7NC invoked contract CDZL737THBVBCO443UXGXCFF4Z3JQNFAKRZXZNIPMF3FG4IDDTMDP6KP deploy(WwrsQ1o++nWQDlhN5Z/XJgAAAAAAAAAAAAAAAAAAAAA=bytes, BBu6R7TmaTV4z33g+qtCILkUMUNEfGIv9ZMefYEbqol…3E5wz2VmPa6+gR3/Xe7br8sZfaMQf9DeBppP2IEfmg=bytes) → CBVLGLHTZVTZ2T5ETKKMFHQ7467HAGF3AN6C6XHTVMNFXAUCOBEGWOAC",2026-08-30 10:28:37 UTC
Tx hash: 0c726fae5b8622afb094297a8e5c1536529a5d2e5fbc29e33852b4d1c261e7bb,"GDPJCT2XIVH7WSIT7FGV6XMKIGC5O6NEIONJW4AWLCLDUZRVPPNOL7NC invoked contract CDZL737THBVBCO443UXGXCFF4Z3JQNFAKRZXZNIPMF3FG4IDDTMDP6KP deploy(oEQS6hdLJZVxrcUAMjwTigAAAAAAAAAAAAAAAAAAAAA=bytes, BIkG8CSk3d6f/Jf6/Wp+Py6uds2UGNqrlXPOBohpSxa…KlR4bW4OkiSQbBOMSWWSkeJas24Unu6CPWudEaEHeo=bytes) → CDWJ27WRJDYTRF7WLZAHTV72JR6OTTJLAXJXKYNIYSEMMMZTXOOEJLXD",2026-08-30 10:27:12 UTC
Tx hash: f091268deaa22e7c694212abd04cb648ca40cc8eac3f9384ac233df4f844fb0b,"GDPJCT2XIVH7WSIT7FGV6XMKIGC5O6NEIONJW4AWLCLDUZRVPPNOL7NC invoked contract CDZL737THBVBCO443UXGXCFF4Z3JQNFAKRZXZNIPMF3FG4IDDTMDP6KP deploy(hVhzaA5lGbWKCZGGfKavMgAAAAAAAAAAAAAAAAAAAAA=bytes, BH4IcdhyUTfgn3toIXSXUzIYhHjk+4Nv/21/L7lATd4…YMrFAw4RnCd4h3LgsQ9ubmJXKCIiaoXZtdgqno7M2k=bytes) → CC32NXX3VLK3GT32HUCUM6NG3OKURF6FY7C3DL7PTMMNMDTRTPQ6VBKZ",2026-08-30 10:25:52 UTC
Tx hash: dab298d60a7a4c8aab1b73ad1819ca183dcc1e08466b5f77d7900e8ba3729033,"GDPJCT2XIVH7WSIT7FGV6XMKIGC5O6NEIONJW4AWLCLDUZRVPPNOL7NC invoked contract CDZL737THBVBCO443UXGXCFF4Z3JQNFAKRZXZNIPMF3FG4IDDTMDP6KP deploy(oQafCt1qnwNukWk+iJNmjQAAAAAAAAAAAAAAAAAAAAA=bytes, BI25xdjYnVvKNolCOxWrHKESKwbfT2UWdjxx2azCBMH…r7oqhNQQGt397B0wgOWqqmmx4ZCq+YMxSisGFTGs6c=bytes) → CDDSGH7MKD7VGPSN2R4UCZK5YYJGVXZIPBXZ4SN2P2EEBO5Z43OZO5O7",2026-08-30 10:24:32 UTC
Tx hash: c10fe65a33262231f7747139359313d221882d745a83c9ddb9fea0e5848f41db,"GDPJCT2XIVH7WSIT7FGV6XMKIGC5O6NEIONJW4AWLCLDUZRVPPNOL7NC invoked contract CDZL737THBVBCO443UXGXCFF4Z3JQNFAKRZXZNIPMF3FG4IDDTMDP6KP deploy(o+gC9toYeHzIT6tXk89FhQAAAAAAAAAAAAAAAAAAAAA=bytes, BLVaTwiKLNwGnduq/IB7FJ9XYgLXGwkBApnviKk2ywi…Cpvt541K04rfjMxPiXWv4uNNaq4wKkwMeNUVHdhIFo=bytes) → CAFRGDM7JU5DJSPMNKYYM5VYKU6O5HIC6RC2QLBNFMDMWSAZREKIA7DV",2026-08-30 10:21:02 UTC
